Title,Author,PublishedDate,URL
A Hosty Retreat,Wailin Wong,"October 29, 2019",https://m.signalvnoise.com/a-hosty-retreat/
Meet Andy,Wailin Wong,"October 28, 2019",https://m.signalvnoise.com/meet-andy/
"Skip level meetings: What they are, and exactly how to run them",Claire Lew,"October 21, 2019",https://m.signalvnoise.com/skip-level-meetings-what-they-are-and-exactly-how-to-run-them/
Basecamp no longer requires Google for two-factor authentication,DHH,"October 15, 2019",https://m.signalvnoise.com/basecamp-no-longer-requires-google-for-two-factor-authentication/
In the Market for a Marketer,Wailin Wong,"October 15, 2019",https://m.signalvnoise.com/in-the-market-for-a-marketer/
The 5 mistakes youâ€™re likely making in your one-on-one meetings with direct reports,Claire Lew,"October 14, 2019",https://m.signalvnoise.com/the-5-mistakes-youre-likely-making-in-your-one-on-one-meetings-with-direct-reports/
Q&A: How do I win in a packed category?,Jason Fried,"October 10, 2019",https://m.signalvnoise.com/qa-how-do-i-win-in-a-packed-category/
"Nevermore, Amazon",Wailin Wong,"October 9, 2019",https://m.signalvnoise.com/nevermore-amazon/
Open source and power with Matt Mullenweg,Wailin Wong,"October 1, 2019",https://m.signalvnoise.com/open-source-and-power-with-matt-mullenweg/
